"dup_factor","trial","time_seconds"
0,1,1.45702624320984
0,2,0.779373645782471
0,3,0.736235857009888
0,4,0.834253787994385
0,5,0.665693998336792
1,1,4.69062399864197
1,2,4.25901460647583
1,3,3.91236710548401
1,4,3.49091649055481
1,5,3.86807441711426
2,1,10.446240901947
2,2,8.30949306488037
2,3,7.25459313392639
2,4,8.87191271781921
2,5,7.05957746505737
